username, password, email
"admin","admin","admin@sistearth.com"
"wknight1","Jteohv3n","djones1@disqus.com"
"twilson2","V1qReXAVgED","bgriffin2@time.com"
"jroberts3","pGnQHwCVbQ","lgarza3@yahoo.co.jp"
"twatson4","OxN78c9P3qx","jspencer4@surveymonkey.com"
"bhunter5","pUJWnwSY6","estewart5@epa.gov"
"bross6","dbo2u4nfVr","vbrooks6@theguardian.com"
"jtucker9","PypuMk6r1YAN","cmontgomery9@newyorker.com"
"akelleya","MHxOIvfIlg","jruiza@spotify.com"
"bfisherb","ePmxZvl5R0u","bmontgomeryb@who.int"
"wmyersc","LSqYuepXZsaI","klopezc@archive.org"
"mramosd","geYdrNrjflQV","jgardnerd@statcounter.com"
"sdayg","XY3Npo2LoT","hramirezg@mayoclinic.com"
"csimsh","IJJpVrMf6Pp","lscotth@oaic.gov.au"
"wromeroi","pkm2vMea","jperkinsi@scientificamerican.com"
"lmatthewsj","xhWQMi0s","kriveraj@ovh.net"
"jgriffink","BC7SWgg8JAD","mshawk@disqus.com"
"iolsonm","8u66AmnrNQ","jwillism@people.com.cn"
"sdanielsn","CLANn0eR","wkennedyn@virginia.edu"
"pruizo","XbHLlWTpI","kwarreno@ed.gov"
"pperezs","Sm4v3JNnf","mhills@sohu.com"
"awilliamsont","d8XLAmYUl","egeorget@techcrunch.com"
"mromerov","7ty1DuYj","kgreenv@ehow.com"
"pgriffinw","sEgUyAzknY","afrazierw@jigsy.com"
"dhernandezx","AgvhBC5Br","dstewartx@engadget.com"
"creynoldsy","1IHujU1vIJj1","gmorrisony@intel.com"
"djohnston10","1WqbeWm01","lcoleman10@scribd.com"
"jcollins12","JPfL9afz","ewebb12@creativecommons.org"
"kferguson15","DVVhsG3Bk","egibson15@google.co.jp"
"lfisher17","buzcKGjOYSJ","gsullivan17@businessinsider.com"
"jlee1a","OL8VauZA","lrodriguez1a@admin.ch"
"ledwards1c","8yBEro5c3c","dnguyen1c@icq.com"
"kortiz1d","I7B7NRf2Lh","dhill1d@sina.com.cn"
"myoung1e","yZGdiveZtzPo","tthompson1e@cmu.edu"
"cchapman1f","Jamd6OOY0yS","amendoza1f@nbcnews.com"
"salvarez1h","hDaQU4zq3nR","ctucker1h@t.co"
"lkennedy1i","0wOd9ALokOky","chunter1i@nasa.gov"
"jjackson1k","w2H9ri2ezS","bpeterson1k@baidu.com"
"rparker1n","yyqCYWUEDvak","mrice1n@artisteer.com"
"ewheeler1p","FlOqzHfrMj","jgonzales1p@independent.co.uk"
"jgriffin1q","8W43QmWv3kaz","lolson1q@deviantart.com"
"dalvarez1r","ow0bGKbU","cmeyer1r@ning.com"
"kthomas1s","xK9uuNHHRJI","briley1s@tamu.edu"
"hdean1t","rLcMoLt3YlxW","khunt1t@addthis.com"
"sstone1u","f8fwpY4nqz8","jgreen1u@dailymotion.com"
"bgarcia1v","vJHEFFta","pkennedy1v@ihg.com"
"rmills1w","qOV4CY51nu","efields1w@bbb.org"
"sstevens1x","kvkIGRjcim","jcarter1x@google.es"
"fhanson1z","uwRHJXOFcI4n","cjohnson1z@linkedin.com"
"charris23","qUfMa4VKs","wbishop23@disqus.com"